,Titles,Platform,Format,Playing Status,Owned Status,hltbTitle,hltbURL,titleMatch
0,10 Second Ninja X,PS4/PS Vita,Digital,Not Played,Own,,,
1,Dead Space,PC,Steam,Complete,Own,,,
2,Call of Duty Black Ops II,PS3,CD,Not Played,Own,,,
3,Aaru's Awakening,PS4/PS3/PS Vita,Digital,Not Played,Own,,,
4,Outland,PS3,Digital,Not Played,Own,,,
5,ABZU,PS4,Digital,Not Played,Own,,,
6,AirMech Arena,PS4,Digital,Played,Own,,,
7,Amnesia: Collection,PS4,Digital,Not Played,Own,,,
8,Amplitude,PS4,Digital,Not Played,Own,,,
9,Twisted Metal,PS3,Digital,Complete,Own,,,
10,Apotheon,PS4,Digital,Not Played,Own,,,
11,Assassin's Creed Freedom Cry,PS4,Digital,Not Played,Own,,,
12,Azkend 2,PS4/PS3/PS Vita,Digital,Not Played,Own,,,
13,God of War: Ascension,PS3,Digital,Complete,Own,,,
14,BADLAND: Game of the Year Edition,PS4/PS3/PS Vita,Digital,Not Played,Own,,,
15,Battleborn,PS4,Digital,Not Played,Own,,,
16,Bloodborne,PS4,Blu Ray,Not Played,Own,,,
17,Borderlands The Handsome Jack Collection,PS4,Blu Ray,Playing,Own,,,
18,Bound,PS4,Digital,Not Played,Own,,,
19,Broforce,PS4,Digital,Not Played,Own,,,
20,Broken Age,PS4/PS3/PS Vita,Digital,Not Played,Own,,,
21,Geometry Wars 3: Dimensions Evolved,PS3/PS Vita,Digital,Not Played,Own,,,
22,CastleStorm,PS4/PS3/PS Vita,Digital,Not Played,Own,,,
23,Color Guardians,PS4,Digital,Not Played,Own,,,
24,Contrast,PS4,Digital,Not Played,Own,,,
25,CounterSpy,PS4/PS3/PS Vita,Digital,Not Played,Own,,,
26,Murasaki Baby,PS3/PS Vita,Digital,Not Played,Own,,,
27,Curses 'N Chaos,PS4/PS Vita,Digital,Not Played,Own,,,
28,Darksiders 2 Deathinitive Edition,PS4,Digital,Not Played,Own,,,
29,MonsterBag,PS3/PS Vita,Digital,Not Played,Own,,,
30,Day of the Tentacle Remastered,PS4,Digital,Not Played,Own,,,
31,Killzone: Mercenary,PS3/PS Vita,Digital,Not Played,Own,,,
32,Dead Nation: Apocalypse Edition,PS4,Digital,Not Played,Own,,,
33,Grid Autosport,PS3,Digital,Not Played,Own,,,
34,Dead Star,PS4,Digital,Not Played,Own,,,
35,Lemmings Touch,PS3/PS Vita,Digital,Not Played,Own,,,
36,Persona 4 Area Ultimax,PS3,Digital,Not Played,Own,,,
37,Destiny,PS4,Blu Ray,Complete,Sold,,,
38,Destiny 2,PS4,Blu Ray,Playing,Own,,,
39,History Legends of War Patton,PS3/PS Vita,Digital,Not Played,Own,,,
40,Nihilumbra,PS3/PS Vita,Digital,Not Played,Own,,,
41,Medal of Honor Warfighter,PS3,Digital,Not Played,Own,,,
42,Armored Core,PS3/PS Vita,Digital,Not Played,Own,,,
43,Rocketbirds: Hardboiled Chicken,PS3/PS Vita,Digital,Not Played,Own,,,
44,Doki-Doki Universe,PS4/PS3/PS Vita,Digital,Not Played,Own,,,
45,Mass Effect 2,PS3,Digital,Beaten,Own,,,
46,"Don't Die, Mr. Robot!",PS4/PS Vita,Digital,Not Played,Own,,,
47,inviZimals,PS3/PS Vita,Digital,Not Played,Own,,,
48,Don't Starve: Console Edition,PS4,Digital,Played,Own,,,
49,Downwell,PS4/PS Vita,Digital,Not Played,Own,,,
50,Gravity Rush,PS3/PS Vita,Digital,Not Played,Own,,,
51,Unit 13,PS3/PS Vita,Digital,Not Played,Own,,,
52,Wipeout 2048,PS3/PS Vita,Digital,Not Played,Own,,,
53,Uncharted: Golden Abyss,PS3/PS Vita,Digital,Beaten,Own,,,
54,Sly Cooper: Thieves in Time,PS3/PS Vita,Digital,Not Played,Own,,,
55,Smart As...,PS3/PS Vita,Digital,Not Played,Own,,,
56,Soul Sacrifice,PS3/PS Vita,Digital,Not Played,Own,,,
57,Dragon Fin Soup,PS4/PS3/PS Vita,Digital,Not Played,Own,,,
58,Drawn to Death,PS4,Digital,Not Played,Own,,,
59,The Hungry Horde,PS3/PS Vita,Digital,Not Played,Own,,,
60,Scott Pilgrim vs. the World,PS3,Digital,Not Played,Own,,,
61,Call of Juarez: Gunslinger,PS3,Digital,Not Played,Own,,,
62,Cloudberry Kingdom,PS3,Digital,Not Played,Own,,,
63,Rayman Origins,PS3/PS Vita,Digital,Not Played,Own,,,
64,Tekken Revolution,PS3,Digital,Not Played,Own,,,
65,inFAMOUS,PS3,Digital,Beaten,Own,,,
66,inFAMOUS 2,PS3,Digital,Beaten,Own,,,
67,Warhawk (Original),PS3,Digital,Not Played,Own,,,
68,Driveclub,PS4,Digital,Played,Own,,,
69,The Last Guy,PS3,Digital,Not Played,Own,,,
70,Dungeon Punks,PS4/PS Vita,Digital,Not Played,Own,,,
71,Dust: An Elysian Tail,PS4,Digital,Not Played,Own,,,
72,Entwined,PS4/PS3/PS Vita,Digital,Not Played,Own,,,
73,Escape Plan,PS4/PS3/PS Vita,Digital,Not Played,Own,,,
74,Ether One,PS4,Digital,Not Played,Own,,,
75,The King of Fighters XIII,PS3,Digital,Not Played,Own,,,
76,NBA Jam,PS3,Digital,Not Played,Own,,,
77,NFL Blitz,PS3,Digital,Not Played,Own,,,
78,Battlefield 3,PS3,Digital,Played,Own,,,
79,Kingdoms of Amalur: Reckoning,PS3,Digital,Not Played,Own,,,
80,PAYDAY,PS3,Digital,Not Played,Own,,,
81,Sleeping Dogs,PS3,Digital,Beaten,Own,,,
82,Tomb Raider,PS3,Digital,Beaten,Own,,,
83,Quantum Conundrum,PS3,Digital,Not Played,Own,,,
84,Just Cause 2,PS3,Digital,Played,Own,,,
85,Pro Evolution Soccer 2014,PS3,Digital,Not Played,Own,,,
86,Vanquish,PS3,Digital,Played,Own,,,
87,Everybody's Gone To The Rapture,PS4,Digital,Not Played,Own,,,
88,Evolve,PS4,Digital,Not Played,Own,,,
89,FEZ,PS4/PS3,Digital,Not Played,Own,,,
90,Call of Juarez: Bound in Blood,PS3,Digital,Not Played,Own,,,
91,FIFA 17,PS4,Blu Ray,Playing,Own,,,
92,Gran Turismo 6,PS3,CD,Not Played,Own,,,
93,UFC Undisputed 3,PS3,CD,Not Played,Own,,,
94,Metal Gear Solid 4,PS3,CD,Beaten,Own,,,
95,Devil May Cry 4,PS3,CD,Beaten,Own,,,
96,Rainbow Six Vegas 2,PS3,CD,Beaten,Own,,,
97,Uncharted: Drake's Fortune,PS3,CD,Complete,Own,,,
98,Uncharted 2: Among Thieves,PS3,CD,Complete,Own,,,
99,Resident Evil 6,PS3,CD,Beaten,Own,,,
100,Metal Gear Solid 2,PS3,CD,Beaten,Own,,,
101,Metal Gear Solid 3 Snake Eater,PS3,CD,Beaten,Own,,,
102,Metal Gear Solid Peace Walker,PS3,CD,Beaten,Own,,,
103,Final Fantasy XIII-2,PS3,CD,Not Played,Own,,,
104,Mortal Kombat,PS3,CD,Beaten,Own,,,
105,Call of Duty Modern Warfare 2,PS3,CD,Beaten,Own,,,
106,Ninja Gaiden Sigma,PS3,CD,Played,Own,,,
107,God of War Saga,PS3,CD,Played,Own,,,
108,The Orange Box,PS3,CD,Not Played,Own,,,
109,Tiger Woods,PS3,CD,Played,Own,,,
110,UFC Undisputed 2010,PS3,CD,Not Played,Own,,,
111,Gran Turismo 5,PS3,CD,Played,Own,,,
112,Assassin's Creed 3,PS3,CD,Not Played,Own,,,
113,Midnight Club Los Angeles,PS3,CD,Played,Own,,,
114,Tom Clancy's Ghost Recon Future Soldier,PS3,CD,Not Played,Own,,,
115,Ni No Kuni Wraith of the White Witch,PS3,CD,Not Played,Own,,,
116,The Elder Scrolls Oblivion,PS3,CD,Played,Own,,,
117,Red Dead Redemption,PS3,CD,Complete,Own,,,
118,Final Fantasy XIII,PS3,CD,Beaten,Own,,,
119,forma.8,PS4/PS Vita,Digital,Not Played,Own,,,
120,Folklore,PS3,CD,Not Played,Own,,,
121,Killzone: Trilogy,PS3,CD,Played,Own,,,
122,The Legend of Zelda Majora's Mask,3DS,Cartridge,Not Played,Own,,,
123,Monster Hunter 4 Ultimate,3DS,Cartridge,Not Played,Own,,,
124,Pokemon Omega Ruby,3DS,Cartridge,Not Played,Own,,,
125,Animal Crossing New Leaf,3DS,Cartridge,Played,Own,,,
126,Super Smash Bros,3DS,Cartridge,Not Played,Own,,,
127,Pokemon Y,3DS,Cartridge,Played,Own,,,
128,Fire Emblem Awakening,3DS,Cartridge,Beaten,Own,,,
129,Pokemon Platinum,3DS,Cartridge,Not Played,Own,,,
130,Resident Evil Revelations,3DS,Cartridge,Not Played,Own,,,
131,The Legend of Zelda Ocarina of Time,3DS,Cartridge,Complete,Own,,,
132,Pokemon White,3DS,Cartridge,Not Played,Own,,,
133,Pokemon White 2,3DS,Cartridge,Not Played,Own,,,
134,Mario Kart 7,3DS,Cartridge,Played,Own,,,
135,Starfox 64,3DS,Cartridge,Not Played,Own,,,
136,Kingdom Hearts 3D,3DS,Cartridge,Not Played,Own,,,
137,Super Street Fighter IV,3DS,Cartridge,Played,Own,,,
138,The Legend of Zelda A Link Between Worlds,3DS,Cartridge,Not Played,Own,,,
139,Kid Icarus Uprising,3DS,Cartridge,Not Played,Own,,,
140,Pokemon Soul Silver,3DS,Cartridge,Played,Own,,,
141,Mass Effect 3,PC,DVD,Not Played,Own,,,
142,Rocksmith 2014,PC,DVD,Played,Own,,,
143,Diablo 3,PC,DVD,Played,Own,,,
144,Starcraft 2,PC,DVD,Not Played,Own,,,
145,Beyond Good & Evil,PC,Uplay,Not Played,Own,,,
146,Rayman Origins,PC,Uplay,Not Played,Own,,,
147,The Crew,PC,Uplay,Not Played,Own,,,
148,Tom Clancy's Splinter Cell Blacklist,PC,Uplay,Not Played,Own,,,
149,Tom Clancy's The Division,PC,Uplay,Played,Own,,,
150,Actual Sunlight,PS3/PS Vita,Digital,Not Played,Own,,,
151,Code: Realize,PS3/PS Vita,Digital,Not Played,Own,,,
152,Mad Riders,PS3,Digital,Not Played,Own,,,
153,Furi,PS4,Digital,Not Played,Own,,,
154,Futuridium EP Deluxe,PS4/PS3/PS Vita,Digital,Not Played,Own,,,
155,Galak-Z,PS4,Digital,Not Played,Own,,,
156,Game of Thrones: Telltale Adventure,PS4,Digital,Not Played,Own,,,
157,Gauntlet,PS4,Digital,Not Played,Own,,,
158,Prince of Persia: The Forgotten Sands,PS3,Digital,Not Played,Own,,,
159,Amnesia: Memories,PS3/PS Vita,Digital,Not Played,Own,,,
160,ibb & obb,PS3,Digital,Not Played,Own,,,
161,Yakuza 5,PS3,Digital,Not Played,Own,,,
162,Stealth Inc: A Clone in the Dark,PS3/PS Vita,Digital,Not Played,Own,,,
163,Lone Survivor: The Director's Cut,PS3/PS Vita,Digital,Not Played,Own,,,
164,RetroGrade,PS3,Digital,Not Played,Own,,,
165,Proteus,PS3/PS Vita,Digital,Not Played,Own,,,
166,Gone Home: Console Edition,PS4,Digital,Not Played,Own,,,
167,Patapon 3,PS3/PS Vita,Digital,Not Played,Own,,,
168,Grim Fandango Remastered,PS4/PS3/PS Vita,Digital,Not Played,Own,,,
169,Grow Home,PS4,Digital,Not Played,Own,,,
170,Fat Princess,PS3,Digital,Not Played,Own,,,
171,Oreshika: Tainted Bloodlines,PS3/PS Vita,Digital,Not Played,Own,,,
172,Prince of Persia: Revelations,PS3/PS Vita,Digital,Not Played,Own,,,
173,echochrome,PS3,Digital,Not Played,Own,,,
174,God of War: Chains of Olympus,PS3/PS Vita,Digital,Beaten,Own,,,
175,Little Deviants,PS3/PS Vita,Digital,Not Played,Own,,,
176,Bionic Commando Rearmed 2,PS3,Digital,Not Played,Own,,,
177,Guacamelee! Super Turbo Championship Edition,PS4/PS3/PS Vita,Digital,Not Played,Own,,,
178,LocoRoco Cocoreccho!,PS3,Digital,Not Played,Own,,,
179,God of War: Ghost of Sparta,PS Vita,Digital,Not Played,Own,,,
180,A Virus Named TOM,PS3/PS Vita,Digital,Not Played,Own,,,
181,GUNS UP!,PS4,Digital,Not Played,Own,,,
182,Savage Moon,PS3,Digital,Not Played,Own,,,
183,Hardware: Rivals,PS4,Digital,Not Played,Own,,,
184,I Am Alive,PS3,Digital,Not Played,Own,,,
185,Hatoful Boyfriend,PS4/PS Vita,Digital,Not Played,Own,,,
186,Frozen Synapse Prime,PS3,Digital,Not Played,Own,,,
187,Flame Over,PS3/PS Vita,Digital,Not Played,Own,,,
188,PixelJunk Monsters: Ultimate HD,PS3/PS Vita,Digital,Not Played,Own,,,
189,Super Stardust HD,PS3,Digital,Not Played,Own,,,
190,PixelJunk Shooter Ultimate,PS3,Digital,Not Played,Own,,,
191,Hawken,PS4,Digital,Not Played,Own,,,
192,Dragon Age: Origins,PS3,Digital,Not Played,Own,,,
193,Dragon Age: Origins,PC,Origin,Not Played,Own,,,
194,TxK,PS3/PS Vita,Digital,Not Played,Own,,,
195,Helldivers,PS4/PS3/PS Vita,Digital,Played,Own,,,
196,Sportsfriends,PS3,Digital,Not Played,Own,,,
197,Hohokum,PS4/PS3/PS Vita,Digital,Not Played,Own,,,
198,Horizon Zero Dawn,PS4,Blu Ray,Not Played,Sold,,,
199,Hotline Miami,PS4/PS3/PS Vita,Digital,Beaten,Own,,,
200,Kick & Fennick,PS3/PS Vita,Digital,Not Played,Own,,,
201,Hue,PS4,Digital,Not Played,Own,,,
202,Machinarium,PS3/PS Vita,Digital,Not Played,Own,,,
203,Far Cry 3 Blood Dragon,PS3,Digital,Not Played,Own,,,
204,Beyond Good & Evil,PS3,Digital,Not Played,Own,,,
205,Prototype 2,PS3,Digital,Not Played,Own,,,
206,Demon's Souls,PS3,Digital,Beaten,Own,,,
207,Dragon's Crown,PS3/PS Vita,Digital,Not Played,Own,,,
208,Crysis 3,PS3,Digital,Not Played,Own,,,
209,Dead Space 3,PS3,Digital,Not Played,Own,,,
210,Payday The Heist,PS3,Digital,Not Played,Own,,,
211,Plants vs. Zombies,PS3/PS Vita,Digital,Played,Own,,,
212,Hitman: Absolution,PS3,Digital,Beaten,Own,,,
213,Remember Me,PS3,Digital,Not Played,Own,,,
214,DMC: Devil May Cry,PS3,Digital,Beaten,Own,,,
215,Resident Evil The Umbrella Chronicles,PS3,Digital,Not Played,Own,,,
216,Super Street Fighter IV,PS3,Digital,Not Played,Own,,,
217,Resident Evil The Darkside Chronicles,PS3,Digital,Not Played,Own,,,
218,Resident Evil 5,PS3,Digital,Beaten,Own,,,
219,Mega Man 9,PS3,Digital,Not Played,Own,,,
220,Mega Man 10,PS3,Digital,Not Played,Own,,,
221,Zombie Apocalypse: Never Die Alone,PS3,Digital,Not Played,Own,,,
222,Hard Corps: Uprising,PS3,Digital,Not Played,Own,,,
223,Final Fantasy Tactics: The War of the Lions,PS3/PS Vita,Digital,Not Played,Own,,,
224,Thief,PS3,Digital,Not Played,Own,,,
225,Hitman: Blood Money HD,PS3,Digital,Beaten,Own,,,
226,Hitman 2: Silent Assassin HD,PS3,Digital,Not Played,Own,,,
227,Hitman: Contracts HD,PS3,Digital,Not Played,Own,,,
228,Deus Ex: Human Revolution,PS3,Digital,Beaten,Own,,,
229,Dragon's Dogma: Dark Arisen,PS3,Digital,Not Played,Own,,,
230,DuctTales: Remastered,PS3,Digital,Not Played,Own,,,
231,Dungeons & Dragons: Chronicles of Mystara,PS3,Digital,Not Played,Own,,,
232,Street Fighter X Tekken,PS3/PS Vita,Digital,Not Played,Own,,,
233,Darkstalkers Chronicle: The Chaos Tower,PS3/PS Vita,Digital,Not Played,Own,,,
234,Mega Man Maverick Hunter X,PS3/PS Vita,Digital,Not Played,Own,,,
235,Monster Hunter Freedom Unite,PS3/PS Vita,Digital,Not Played,Own,,,
236,Renegade Ops,PS3,Digital,Not Played,Own,,,
237,Sonic the Hedgehog,PS3,Digital,Not Played,Own,,,
238,Sonic the Hedgehog 2,PS3,Digital,Not Played,Own,,,
239,Virtua Fighter 5,PS3,Digital,Not Played,Own,,,
240,The Cave,PS3,Digital,Not Played,Own,,,
241,Binary Domain,PS3,Digital,Not Played,Own,,,
242,Castle of Illusion Starring Mickey Mouse,PS3,Digital,Not Played,Own,,,
243,Yakuza 4,PS3,Digital,Not Played,Own,,,
244,Sonic & All-Stars Racing Transformed,PS3/PS Vita,Digital,Not Played,Own,,,
245,Jet Set Radio,PS3/PS Vita,Digital,Not Played,Own,,,
246,GODS EATER BURST,PS3/PS Vita,Digital,Not Played,Own,,,
247,METAL SLUG XX,PS3/PS Vita,Digital,Not Played,Own,,,
248,Galaga Legions DX,PS3/PS Vita,Digital,Not Played,Own,,,
249,Anomaly Warzone Earth,PS3,Digital,Not Played,Own,,,
250,Tekken 6,PS3/PS Vita,Digital,Not Played,Own,,,
251,SOULCALIBUR: Broken Destiny,PS3/PS Vita,Digital,Not Played,Own,,,
252,Dokuro,PS3/PS Vita,Digital,Not Played,Own,,,
253,BioShock 2,PS3,Digital,Not Played,Own,,,
254,Spec Ops: The Line,PS3,Digital,Beaten,Own,,,
255,Borderlands 2,PS3,Digital,Not Played,Own,,,
256,XCOM: Enemy Unknown,PS3,Digital,Not Played,Own,,,
257,BioShock Infinite,PS3,Digital,Complete,Own,,,
258,NBA 2K14,PS3,Digital,Not Played,Own,,,
259,Dishonored,PS3,Digital,Not Played,Own,,,
260,Grand Theft Auto: Liberty City Stories,PS3/PS Vita,Digital,Not Played,Own,,,
261,"Warhammer 40,000: Space Marine",PS3,Digital,Not Played,Own,,,
262,Saints Row 2,PS3,Digital,Not Played,Own,,,
263,Darksiders,PS3,Digital,Not Played,Own,,,
264,Saints Row: The Third,PS3,Digital,Not Played,Own,,,
265,Double Dragon Neon,PS3,Digital,Not Played,Own,,,
266,Batman: Arkham City,PS3,Digital,Beaten,Own,,,
267,Gotham City Imposters,PS3,Digital,Not Played,Own,,,
268,Guardians of Middle-Earth,PS3,Digital,Not Played,Own,,,
269,Batman: Arkham Asylum,PS3,Digital,Beaten,Own,,,
270,BIT.TRIP Presents: Runner2: Future Rythym Alien,PS3,Digital,Not Played,Own,,,
271,BlaxBlue: Continuum Shift EXTEND,PS3/PS Vita,Digital,Not Played,Own,,,
272,Zero Escape: Virtue's Last Reward,PS3/PS Vita,Digital,Not Played,Own,,,
273,Muramasa Rebirth,PS3/PS Vita,Digital,Not Played,Own,,,
274,Disgaea 3: Absence of Detention,PS3/PS Vita,Digital,Not Played,Own,,,
275,Rainbow Moon,PS3/PS Vita,Digital,Not Played,Own,,,
276,Choplifter HD,PS3,Digital,Not Played,Own,,,
277,Skullgirls Encore,PS3,Digital,Not Played,Own,,,
278,Joe Danger 2: The Movie,PS3,Digital,Not Played,Own,,,
279,Tales From Space: Mutant Blobs Attack,PS3,Digital,Not Played,Own,,,
280,HOARD,PS3,Digital,Not Played,Own,,,
281,Metro: Last Light,PS3,Digital,Beaten,Own,,,
282,Dungeon Defenders,PS3,Digital,Not Played,Own,,,
283,Papo & Yo,PS3,Digital,Not Played,Own,,,
284,Pinball Arcade,PS3/PS Vita,Digital,Not Played,Own,,,
285,Closure,PS3,Digital,Not Played,Own,,,
286,Knytt Underground,PS3/PS Vita,Digital,Not Played,Own,,,
287,Dyad,PS3,Digital,Not Played,Own,,,
288,Retro City Rampage,PS3/PS Vita,Digital,Not Played,Own,,,
289,Urban Trial Freestyle,PS3/PS Vita,Digital,Not Played,Own,,,
290,Mutant Mudds Deluxe,PS3/PS Vita,Digital,Not Played,Own,,,
291,Hyper Void,PS4/PS3/PS Vita,Digital,Not Played,Own,,,
292,Vessel,PS3,Digital,Not Played,Own,,,
293,Metrico,PS3/PS Vita,Digital,Not Played,Own,,,
294,Woah Dave!,PS3/PS Vita,Digital,Not Played,Own,,,
295,inFAMOUS First Light,PS4,Digital,Not Played,Own,,,
296,LUFTRAUSERS,PS3/PS Vita,Digital,Not Played,Own,,,
297,Duke Nukem 3D: Megaton Edition,PS3,Digital,Not Played,Own,,,
298,GRID 2,PS3,Digital,Not Played,Own,,,
299,Deadly Premonition: The Director's Cut,PS3,Digital,Not Played,Own,,,
300,Brothers: a Tale of Two Sons,PS3,Digital,Not Played,Own,,,
301,La-Mulana Ex,PS3/PS Vita,Digital,Not Played,Own,,,
302,PAYDAY 2,PS3,Digital,Not Played,Own,,,
303,Terraria,PS3/PS Vita,Digital,Not Played,Own,,,
304,KickBeat,PS3,Digital,Not Played,Own,,,
305,Zen Pinball 2,PS3,Digital,Not Played,Own,,,
306,Worms: Battle Islands,PS3/PS Vita,Digital,Not Played,Own,,,
307,Labyrinth Legends,PS3,Digital,Not Played,Own,,,
308,Germinator,PS3/PS Vita,Digital,Not Played,Own,,,
309,ModNation Racers: Road Trip,PS3/PS Vita,Digital,Not Played,Own,,,
310,Sine Mora,PS3/PS Vita,Digital,Not Played,Own,,,
311,Final Horizon,PS3/PS Vita,Digital,Not Played,Own,,,
312,Foosball 2012,PS3/PS Vita,Digital,Not Played,Own,,,
313,Velocity2X,PS3/PS Vita,Digital,Not Played,Own,,,
314,Surge Deluxe,PS3/PS Vita,Digital,Not Played,Own,,,
315,Velocity Ultra,PS3/PS Vita,Digital,Not Played,Own,,,
316,Oddworld: Stranger's Wrath HD,PS Vita,Digital,Not Played,Own,,,
317,Oddworld: Munch's Oddysee HD,PS3,Digital,Not Played,Own,,,
318,Sherlock Holmes: Crimes and Punishments,PS3,Digital,Not Played,Own,,,
319,Kung Fu Rabbit,PS3/PS Vita,Digital,Not Played,Own,,,
320,Ninja Gaiden Sigma Plus,PS3/PS Vita,Digital,Not Played,Own,,,
321,Zombie Tycoon II: Brainhov's Revenge,PS3/PS Vita,Digital,Not Played,Own,,,
322,Chariot,PS3,Digital,Not Played,Own,,,
323,Chronovolt,PS3/PS Vita,Digital,Not Played,Own,,,
324,inFAMOUS Second Son,PS4,Digital,Not Played,Own,,,
325,Hot Shots Golf 2,PS3/PS Vita,Digital,Not Played,Own,,,
326,Puppeteer,PS3,Digital,Not Played,Own,,,
327,Uncharted 3: Drake's Deception,PS3,Digital,Beaten,Own,,,
328,LittleBigPlanet Karting,PS3,Digital,Not Played,Own,,,
329,Starhawk,PS3,Digital,Not Played,Own,,,
330,Malicious,PS3,Digital,Not Played,Own,,,
331,rain,PS3,Digital,Not Played,Own,,,
332,Ratchet & Clank: All 4 One,PS3,Digital,Not Played,Own,,,
333,Shadow of the Colossus,PS3,Digital,Not Played,Own,,,
334,ICO,PS3,Digital,Not Played,Own,,,
335,LittleBigPlanet 2,PS3,Digital,Not Played,Own,,,
336,Playstation All-Stars Battle Royale,PS3/PS Vita,Digital,Not Played,Own,,,
337,Infinity Runner,PS4,Digital,Not Played,Own,,,
338,"Invisble, Inc. Console Edition",PS4,Digital,Not Played,Own,,,
339,Journey,PS4/PS3,Digital,Beaten,Own,,,
340,Just Cause 3,PS4,Digital,Not Played,Own,,,
341,Killing Floor 2,PS4,Digital,Not Played,Own,,,
342,King's Quest,PS4,Digital,Not Played,Own,,,
343,Kung Fu Panda Showdown of Legendary Legends,PS4,Digital,Not Played,Own,,,
344,Lara Croft and the Temple of Osiris,PS4,Digital,Played,Own,,,
345,LASER DISCO DEFENDERS,PS4,Digital,Not Played,Own,,,
346,Letter Quest Remastered,PS4/PS3/PS Vita,Digital,Not Played,Own,,,
347,Bayonetta,PS3,Digital,Not Played,Own,,,
348,Life is Strange,PS4,Digital,Not Played,Own,,,
349,Limbo,PS4/PS3/PS Vita,Digital,Beaten,Own,,,
350,Lords of the Fallen,PS4,Digital,Not Played,Own,,,
351,Lovers in a Dangerous Spacetime,PS4,Digital,Not Played,Own,,,
352,Madden 17,PS4,Blu Ray,Playing,Own,,,
353,MAGICKA 2,PS4,Digital,Not Played,Own,,,
354,Mercenary Kings,PS4,Digital,Not Played,Own,,,
355,Metal Gear Solid V: Ground Zeroes,PS4,Digital,Beaten,Own,,,
356,Metal Gear Solid V: The Phantom Pain,PS4,Digital,Beaten,Own,,,
357,Metro Redux,PS4,Blu Ray,Played,Own,,,
358,MLB The Show 15,PS4,Blu Ray,Played,Own,,,
359,MouseCraft,PS4/PS3/PS Vita,Digital,Not Played,Own,,,
360,Neon Chrome,PS4/PS3/PS Vita,Digital,Not Played,Own,,,
361,Never Alone,PS4,Digital,Not Played,Own,,,
362,Neverwinter,PS4,Digital,Not Played,Own,,,
363,NHL 17,PS4,Blu Ray,Playing,Own,,,
364,Nioh,PS4,Blu Ray,Not Played,Sold,,,
365,Nom Nom Galaxy,PS4,Digital,Not Played,Own,,,
366,Nova-111,PS4/PS3/PS Vita,Digital,Not Played,Own,,,
367,Oddworld: New 'n' Tasty,PS4/PS3,Digital,Not Played,Own,,,
368,OlliOlli2: Welcome to Olliwood,PS4/PS3/PS Vita,Digital,Not Played,Own,,,
369,Outlast,PS4,Digital,Not Played,Own,,,
370,Paragon,PS4,Digital,Not Played,Own,,,
371,Pix the Cat,PS4/PS3/PS Vita,Digital,Not Played,Own,,,
372,Plants vs Zombies Garden Warfare,PS4,Digital,Not Played,Own,,,
373,Pumped BMX +,PS4/PS3/PS Vita,Digital,Not Played,Own,,,
374,Race The Sun,PS4/PS3/PS Vita,Digital,Not Played,Own,,,
375,Rebel Galaxy,PS4,Digital,Not Played,Own,,,
376,Resident Evil,PS4,Digital,Not Played,Own,,,
377,RESOGUN,PS4/PS3/PS Vita,Digital,Not Played,Own,,,
378,Freedom Wars,PS3/PS Vita,Digital,Not Played,Own,,,
379,MotorStorm Apocalypse,PS3,Digital,Not Played,Own,,,
380,Don't Starve: Giant Edition,PS3/PS Vita,Digital,Played,Own,,,
381,RIGS Mechanized Combat League,PS4,Digital,Not Played,Own,,,
382,Fat Princess: Piece of Cake,PS3/PS Vita,Digital,Not Played,Own,,,
383,Persona 4 Golden,PS3/PS Vita,Digital,Not Played,Own,,,
384,Road Not Taken,PS4,Digital,Not Played,Own,,,
385,Need for Speed Most Wanted,PS3/PS Vita,Digital,Not Played,Own,,,
386,Rocket League,PS4,Digital,Played,Own,,,
387,Mirror's Edge,PS3,Digital,Not Played,Own,,,
388,SSX,PS3,Digital,Not Played,Own,,,
389,Deathmatch Village,PS3/PS Vita,Digital,Not Played,Own,,,
390,Syphon Filter,PS3/PS Vita,Digital,Not Played,Own,,,
391,Syphon Filter 2,PS3/PS Vita,Digital,Not Played,Own,,,
392,Legend of Dragoon,PS3/PS Vita,Digital,Not Played,Own,,,
393,Syphon Filter 3,PS3/PS Vita,Digital,Not Played,Own,,,
394,Dino Crisis,PS3/PS Vita,Digital,Beaten,Own,,,
395,Dino Crisis 2,PS3/PS Vita,Digital,Beaten,Own,,,
396,Rogue Legacy,PS4/PS3/PS Vita,Digital,Not Played,Own,,,
397,WipEout 2048 HD Fury,PS3/PS Vita,Digital,Not Played,Own,,,
398,Saints Row: Gat Out of Hell,PS4,Digital,Not Played,Own,,,
399,Destruction Derby,PS3/PS Vita,Digital,Not Played,Own,,,
400,Warkhawk,PS3/PS Vita,Digital,Not Played,Own,,,
401,Twisted Metal (Original),PS3/PS Vita,Digital,Not Played,Own,,,
402,Resident Evil Director's Cut,PS3/PS Vita,Digital,Not Played,Own,,,
403,Siren Blood Curse,PS3,Digital,Not Played,Own,,,
404,Valhalla Knights,PS3/PS Vita,Digital,Not Played,Own,,,
405,Red Dead Redemption Undead Nightmare,PS3,Digital,Not Played,Own,,,
406,Patchwork Heroes,PS3/PS Vita,Digital,Not Played,Own,,,
407,Piyotama,PS3/PS Vita,Digital,Not Played,Own,,,
408,Patapon,PS3/PS Vita,Digital,Not Played,Own,,,
409,Borderlands,PS3,Digital,Beaten,Own,,,
410,Wild Arms,PS3/PS Vita,Digital,Not Played,Own,,,
411,MotorStorm RC,PS3/PS Vita,Digital,Beaten,Own,,,
412,Twisted Metal Black,PS3,Digital,Not Played,Own,,,
413,Warhawk,PS3,Digital,Not Played,Own,,,
414,Battlefield 4,PC,Origin,Played,Own,,,
415,Battlefield 3,PC,Origin,Played,Own,,,
416,Bejeweled 3,PC,Origin,Not Played,Own,,,
417,Command & Conquer: Red Alert 2,PC,Origin,Not Played,Own,,,
418,Command & Conquer: Generals,PC,Origin,Not Played,Own,,,
419,Dead Space 2,PC,Origin,Not Played,Own,,,
420,Dead Space 3,PC,Origin,Not Played,Own,,,
421,Dragon Age II,PC,Origin,Not Played,Own,,,
422,Dungeon Keeper,PC,Origin,Not Played,Own,,,
423,Jade Empire,PC,Origin,Not Played,Own,,,
424,Mass Effect 2,PC,Origin,Beaten,Own,,,
425,Medal of Honor Allied Assault,PC,Origin,Not Played,Own,,,
426,Medal of Honor Pacific Assault,PC,Origin,Not Played,Own,,,
427,Need for Speed Most Wanted,PC,Origin,Not Played,Own,,,
428,Nox,PC,Origin,Not Played,Own,,,
429,Peggle,PC,Origin,Not Played,Own,,,
430,Plants vs Zombies Garden Warfare,PC,Origin,Not Played,Own,,,
431,Populous,PC,Origin,Not Played,Own,,,
432,Sim City 2000,PC,Origin,Not Played,Own,,,
433,Syndicate,PC,Origin,Not Played,Own,,,
434,The Sims 3,PC,Origin,Not Played,Own,,,
435,Titanfall,PC,Origin,Played,Own,,,
436,Pagan Ultima VIII,PC,Origin,Not Played,Own,,,
437,Wing Commander III,PC,Origin,Not Played,Own,,,
438,Alan Wake,PC,Steam,Not Played,Own,,,
439,Alan Wake's American Nightmare,PC,Steam,Not Played,Own,,,
440,ARMA 2,PC,Steam,Not Played,Own,,,
441,Back to the Future,PC,Steam,Not Played,Own,,,
442,Batman: Arkham Asylum,PC,Steam,Beaten,Own,,,
443,Batman: Arkham City,PC,Steam,Beaten,Own,,,
444,Binary Domain,PC,Steam,Not Played,Own,,,
445,Burnout Paradise,PC,Steam,Not Played,Own,,,
446,Command & Conquer: Red Alert 3,PC,Steam,Played,Own,,,
447,Company of Heroes,PC,Steam,Played,Own,,,
448,Company of Heroes 2,PC,Steam,Played,Own,,,
449,Condemned: Criminal Origins,PC,Steam,Not Played,Own,,,
450,Counter-Strike,PC,Steam,Played,Own,,,
451,Crysis 2 Maximum Edition,PC,Steam,Not Played,Own,,,
452,Dark Souls: Prepare to Die Edition,PC,Steam,Not Played,Own,,,
453,Dark Souls 2: Scholar of the First Sin,PC,Steam,Not Played,Own,,,
454,Darksiders,PC,Steam,Not Played,Own,,,
455,Day of Defeat,PC,Steam,Not Played,Own,,,
456,Deathmatch Classic,PC,Steam,Not Played,Own,,,
457,Deus Ex: Game of the Year Edition,PC,Steam,Not Played,Own,,,
458,Deus Ex: Invisible War,PC,Steam,Not Played,Own,,,
459,F.E.A.R,PC,Steam,Beaten,Own,,,
460,F.E.A.R Extraction Point,PC,Steam,Not Played,Own,,,
461,F.E.A.R Perseus Mandate,PC,Steam,Not Played,Own,,,
462,F.E.A.R 2: Project Origin,PC,Steam,Not Played,Own,,,
463,F.E.A.R 3,PC,Steam,Not Played,Own,,,
464,Grand Theft Auto IV,PC,Steam,Beaten,Own,,,
465,Grand Theft Auto: Episodes from Liberty City,PC,Steam,Not Played,Own,,,
466,Guardians of Middle-Earth,PC,Steam,Not Played,Own,,,
467,Half-Life,PC,Steam,Beaten,Own,,,
468,Half-Life 2,PC,Steam,Beaten,Own,,,
469,Hector,PC,Steam,Not Played,Own,,,
470,Left 4 Dead,PC,Steam,Played,Own,,,
471,Left 4 Dead 2,PC,Steam,Played,Own,,,
472,The Lord of the Rings: War in the North,PC,Steam,Not Played,Own,,,
473,Medal of Honor,PC,Steam,Not Played,Own,,,
474,Metro 2033,PC,Steam,Beaten,Own,,,
475,Mirror's Edge,PC,Steam,Not Played,Own,,,
476,Mortal Kombat Kollection,PC,Steam,Not Played,Own,,,
477,Need for Speed: Hot Pursuit,PC,Steam,Not Played,Own,,,
478,Poker Night at the Inventory,PC,Steam,Not Played,Own,,,
479,Puzzle Agent,PC,Steam,Not Played,Own,,,
480,Puzzle Agent 2,PC,Steam,Not Played,Own,,,
481,Red Faction: Armageddon,PC,Steam,Not Played,Own,,,
482,Red Orchestra 2: Heroes of Stalingrad,PC,Steam,Not Played,Own,,,
483,Renegade Ops,PC,Steam,Not Played,Own,,,
484,Ricochet,PC,Steam,Not Played,Own,,,
485,Rising Storm/Red Orchestra 2,PC,Steam,Not Played,Own,,,
486,S.T.A.L.K.E.R.: Call of Pripyat,PC,Steam,Not Played,Own,,,
487,S.T.A.L.K.E.R.: Clear Sky,PC,Steam,Not Played,Own,,,
488,S.T.A.L.K.E.R.: Shadow of Chernobyl,PC,Steam,Not Played,Own,,,
489,Saints Row: The Third,PC,Steam,Not Played,Own,,,
490,Sam & Max,PC,Steam,Not Played,Own,,,
491,Scribblenauts Ulimited,PC,Steam,Not Played,Own,,,
492,SEGA Mega Drive & Genesis Classics,PC,Steam,Not Played,Own,,,
493,Sniper Elite V2,PC,Steam,Not Played,Own,,,
494,Team Fortress Classic,PC,Steam,Not Played,Own,,,
495,Titan Quest,PC,Steam,Not Played,Own,,,
496,Viking: Battle for Asgard,PC,Steam,Not Played,Own,,,
497,The Walking Dead: Season 1,PC,Steam,Beaten,Own,,,
498,Wallace & Gromit,PC,Steam,Not Played,Own,,,
499,"Warhammer 40,000: Dawn of War",PC,Steam,Not Played,Own,,,
500,"Warhammer 40,000: Dawn of War II",PC,Steam,Not Played,Own,,,
501,Red Faction: Guerrilla,PC,Downloaded,Not Played,Own,,,
502,Rage,PC,Downloaded,Not Played,Own,,,
503,Max Payne 3,PC,Downloaded,Not Played,Own,,,
504,Mafia II,PC,Downloaded,Not Played,Own,,,
505,LA Noire,PC,Downloaded,Not Played,Own,,,
506,Hitman: Absolution,PC,Downloaded,Beaten,Own,,,
507,Far Cry 3,PC,Downloaded,Beaten,Own,,,
508,Empire Total War,PC,Downloaded,Not Played,Own,,,
509,Dirt 3,PC,Downloaded,Not Played,Own,,,
510,Crysis,PC,Downloaded,Complete,Own,,,
511,World in Conflict,PC,Downloaded,Not Played,Own,,,
512,The Witcher 2 Enhanced Edition,PC,Downloaded,Not Played,Own,,,
513,The Suffering,PC,Downloaded,Not Played,Own,,,
514,Brothers in Arms Hells Highway,PC,Downloaded,Played,Own,,,
515,Assassin's Creed,PC,Downloaded,Not Played,Own,,,
516,Assassin's Creed Revelations,PC,Downloaded,Not Played,Own,,,
517,Assassin's Creed Brotherhood,PC,Downloaded,Not Played,Own,,,
518,Assassin's Creed 2,PC,Downloaded,Not Played,Own,,,
519,Wolverine,PC,Downloaded,Not Played,Own,,,
520,Total War Shogun 2,PC,Downloaded,Not Played,Own,,,
521,Zero Escape Zero Time Dilemma,PC,Downloaded,Not Played,Own,,,
522,Dragon Age Inquisition,PC,Downloaded,Not Played,Own,,,
523,SOMA,PC,Downloaded,Not Played,Own,,,
524,The Witcher 3 Wild Hunt Game of the Year Edition,PC,Downloaded,Not Played,Own,,,
525,INSIDE,PC,Downloaded,Not Played,Own,,,
526,Valkyria Chronicles,PC,Downloaded,Not Played,Own,,,
527,Final Fantasy XIII-3 Lightning Returns,PC,Downloaded,Not Played,Own,,,
528,Final Fantasy X X-2 HD Remaster,PC,Downloaded,Played,Own,,,
529,Fallout 4,PC,Downloaded,Not Played,Own,,,
530,Project CARS,PC,Downloaded,Not Played,Own,,,
531,Far Cry 4,PC,Downloaded,Not Played,Own,,,
532,Ryse - Son of Rome,PC,Downloaded,Not Played,Own,,,
533,Divinity - Original Sin,PC,Downloaded,Not Played,Own,,,
534,Child of Light,PC,Downloaded,Not Played,Own,,,
535,The Wolf Among Us,PC,Downloaded,Not Played,Own,,,
536,The Vanishing of Ethan Carter,PC,Downloaded,Not Played,Own,,,
537,Alien Isolation,PC,Downloaded,Not Played,Own,,,
538,Middle-Earth Shadow of Mordor,PC,Downloaded,Not Played,Own,,,
539,The Evil Within,PC,Downloaded,Not Played,Own,,,
540,Wasteland 2,PC,Downloaded,Not Played,Own,,,
541,State of Decay,PC,Downloaded,Not Played,Own,,,
542,Final Fantasy III,PC,Downloaded,Not Played,Own,,,
543,BioShock Infinite Burial at Sea Episode 2,PC,Downloaded,Not Played,Own,,,
544,BioShock Infinite Burial at Sea Episode 1,PC,Downloaded,Not Played,Own,,,
545,Metal Gear Rising Revengeance,PC,Downloaded,Not Played,Own,,,
546,Total War Rome 2,PC,Downloaded,Not Played,Own,,,
547,Enslaved Odyssey to the West Premium Edition,PC,Downloaded,Complete,Own,,,
548,Rocksmith 2014,PC,Downloaded,Not Played,Own,,,
549,Assassin's Creed 4 Black Flag Deluxe Edition,PC,Downloaded,Not Played,Own,,,
550,Sid Meiers Civilization V,PC,Downloaded,Not Played,Own,,,
551,Resident Evil Revelations,PC,Downloaded,Not Played,Own,,,
552,Mass Effect,PC,Downloaded,Beaten,Own,,,
553,BlackMesa,PC,Downloaded,Not Played,Own,,,
554,Fallout New Vegas - Ultimate Edition,PC,Steam,Not Played,Own,,,
555,Fallout 3 - Game of the Year Edition,PC,Downloaded,Played,Own,,,
556,Dishonored,PC,Downloaded,Not Played,Own,,,
557,Star Wars Knights of the Old Republic,PC,Downloaded,Not Played,Own,,,
558,AGE OF EMPIRES III,PC,Downloaded,Not Played,Own,,,
559,BioShock Infinite,PC,Downloaded,Complete,Own,,,
560,Crysis 3,PC,Downloaded,Not Played,Own,,,
561,The Elder Scrolls V Skyrim,PC,Downloaded,Played,Own,,,
562,The Darkness II,PC,Downloaded,Not Played,Own,,,
563,Shift 2 Unleashed,PC,Downloaded,Not Played,Own,,,
564,The Elder Scrolls V Skyrim Dragonborn,PC,Downloaded,Not Played,Own,,,
565,The Witcher,PC,Downloaded,Not Played,Own,,,
566,From Dust,PS3,Digital,Not Played,Own,,,
567,Secret Ponchos,PS4,Digital,Not Played,Own,,,
568,Saint Seiya Soldiers' Soul,PS3,Digital,Not Played,Own,,,
569,Costume Quest 2,PS3,Digital,Not Played,Own,,,
570,Shutshimi,PS4/PS3/PS Vita,Digital,Not Played,Own,,,
571,Dirt 3,PS3,Digital,Not Played,Own,,,
572,Skulls of the Shogun,PS4,Digital,Not Played,Own,,,
573,Sky Force Anniversary,PS4/PS3/PS Vita,Digital,Not Played,Own,,,
574,Sound Shapes,PS4/PS3/PS Vita,Digital,Not Played,Own,,,
575,Sparkle Unleashed,PS4,Digital,Not Played,Own,,,
576,Spelunky,PS4/PS3/PS Vita,Digital,Not Played,Own,,,
577,Resident Evil 4,PS2,DVD,Beaten,Own,,,
578,The Thing,PS2,DVD,Not Played,Own,,,
579,Resident Evil Outbreak,PS2,DVD,Not Played,Own,,,
580,Resident Evil Outbreak 2,PS2,DVD,Not Played,Own,,,
581,Resident Evil Code Veronica,PS2,DVD,Not Played,Own,,,
582,Kingdom Hearts II,PS2,DVD,Not Played,Own,,,
583,Kingdom Hearts,PS2,DVD,Beaten,Own,,,
584,IHRA Drag Racing 2,PS2,DVD,Not Played,Own,,,
585,Grand Theft Auto San Andreas,PS2,DVD,Completed,Own,,,
586,Gran Turismo 4,PS2,DVD,Not Played,Own,,,
587,Final Fantasy XII,PS2,DVD,Not Played,Own,,,
588,Final Fantasy X,PS2,DVD,Not Played,Own,,,
589,Dragon Quest VIII,PS2,DVD,Not Played,Own,,,
590,Dragon Ball Z Budokai 3,PS2,DVD,Beaten,Own,,,
591,Devil May Cry,PS2,DVD,Completed,Own,,,
592,Devil May Cry 3 Dante's Awakening,PS2,DVD,Completed,Own,,,
593,Crash Bandicoot,PS1,CD,Completed,Own,,,
594,Final Fantasy Chronicles,PS1,CD,Not Played,Own,,,
595,Chrono Cross,PS1,CD,Not Played,Own,,,
596,Dino Crisis,PS1,CD,Completed,Own,,,
597,Dino Crisis 2,PS1,CD,Completed,Own,,,
598,Final Fantasy VII,PS1,CD,Completed,Own,,,
599,Final Fantasy VIII,PS1,CD,Completed,Own,,,
600,Final Fantasy IX,PS1,CD,Completed,Own,,,
601,Grand Theft Auto,PS1,CD,Not Played,Own,,,
602,Grand Theft Auto 2,PS1,CD,Not Played,Own,,,
603,Gran Turismo 2,PS1,CD,Completed,Own,,,
604,Jet Moto,PS1,CD,Not Played,Own,,,
605,The Legend of Dragoon,PS1,CD,Not Played,Own,,,
606,Metal Gear Solid VR Missions,PS1,CD,Not Played,Own,,,
607,Metal Gear Solid,PS1,CD,Completed,Own,,,
608,The Need For Speed,PS1,CD,Not Played,Own,,,
609,Need for Speed High Stakes,PS1,CD,Not Played,Own,,,
610,Resident Evil Director's Cut,PS1,CD,Completed,Own,,,
611,Resident Evil 2,PS1,CD,Completed,Own,,,
612,Resident Evil 3 Nemesis,PS1,CD,Completed,Own,,,
613,Tenchu Stealth Assassins,PS1,CD,Not Played,Own,,,
614,Tomb Raider,PS1,CD,Not Played,Own,,,
615,Tony Hawk's Pro Skater,PS1,CD,Completed,Own,,,
616,Tony Hawk's Pro Skater 2,PS1,CD,Completed,Own,,,
617,Twisted Metal,PS1,CD,Completed,Own,,,
618,Twisted Metal 2,PS1,CD,Completed,Own,,,
619,Spy Chameleon,PS4/PS3/PS Vita,Digital,Not Played,Own,,,
620,Stealth Inc 2: A Game of Clones,PS4/PS3/PS Vita,Digital,Not Played,Own,,,
621,SteamWorld Dig,PS4/PS3/PS Vita,Digital,Not Played,Own,,,
622,BlazeRush,PS3,Digital,Not Played,Own,,,
623,Stick it to The Man,PS4,Digital,Not Played,Own,,,
624,Stories: The Path of Destinies,PS4,Digital,Not Played,Own,,,
625,Strider,PS4,Digital,Not Played,Own,,,
626,VVVVVV,PS3/PS Vita,Digital,Not Played,Own,,,
627,Strike Vector EX,PS4,Digital,Not Played,Own,,,
628,Styx: Master of Shadows,PS4,Digital,Not Played,Own,,,
629,Super Exploding Zoo!,PS4/PS3/PS Vita,Digital,Not Played,Own,,,
630,Super Meat Boy!,PS4/PS3/PS Vita,Digital,Not Played,Own,,,
631,XCOM 2,PC,Digital,Not Played,Own,,,
632,"Oh, Deer",PC,Humble Bundle,Not Played,Own,,,
633,X-COM: UFO Defense,PC,Steam,Not Played,Own,,,
634,ABZU,PC,Steam,Not Played,Own,,,
635,Husk,PC,Steam,Not Played,Own,,,
636,Okhlos,PC,Steam,Not Played,Own,,,
637,Project Highrise,PC,Steam,Not Played,Own,,,
638,Ryse: Son of Rome,PC,Steam,Not Played,Own,,,
639,Steamworld Heist,PC,Steam,Not Played,Own,,,
640,Super Motherload,PS4/PS3,Digital,Not Played,Own,,,
641,Super Time Force Ultra,PS4/PS3/PS Vita,Digital,Not Played,Own,,,
642,Switch Galaxy Ultra,PS4/PS3/PS Vita,Digital,Not Played,Own,,,
643,Table Top Racing: World Tour,PS4,Digital,Not Played,Own,,,
644,Tales from the Borderlands,PS4,Digital,Not Played,Own,,,
645,Teslagrad,PS4/PS3/PS Vita,Digital,Not Played,Own,,,
646,Alien Rage,PS3,Digital,Not Played,Own,,,
647,Invizimals: The Lost Kingdom,PS3,Digital,Not Played,Own,,,
648,That's You,PS4,Digital,Not Played,Own,,,
649,The Binding of Isaac: Rebirth,PS4/PS3/PS Vita,Digital,Not Played,Own,,,
650,The Deadly Tower of Monsters,PS4,Digital,Not Played,Own,,,
651,The Last of Us,PS4,Blu Ray,Complete,Own,,,
652,Blood Knights,PS3,Digital,Not Played,Own,,,
653,Port Royale 3 Pirates & Merchants,PS3,Digital,Not Played,Own,,,
654,The Order,PS4,Blu Ray,Complete,Sold,,,
655,The Swapper,PS4/PS3/PS Vita,Digital,Not Played,Own,,,
656,Abyss Odyssey,PS3,Digital,Not Played,Own,,,
657,The Swindle,PS4/PS3/PS Vita,Digital,Not Played,Own,,,
658,The Unfinished Swan,PS4/PS3/PS Vita,Digital,Not Played,Own,,,
659,WRC 5 FIA World Rally Championship,PS3,Digital,Not Played,Own,,,
660,The Walking Dead: Season 2,PS4,Digital,Complete,Own,,,
661,This War of Mine: The Little Ones,PS4,Digital,Not Played,Own,,,
662,TOKYO JUNGLE,PS3,Digital,Not Played,Own,,,
663,Darkstalkers Resurrection,PS3,Digital,Not Played,Own,,,
664,Thomas Was Alone,PS4/PS3/PS Vita,Digital,Not Played,Own,,,
665,Element4l,PS Vita,Digital,Not Played,Own,,,
666,Strider,PC,Digital,Not Played,Own,,,
667,Umbrella Corps,PC,Digital,Not Played,Own,,,
668,DMC: Devil May Cry,PC,Digital,Not Played,Own,,,
669,Dead Rising 2: Off the Record,PC,Digital,Not Played,Own,,,
670,Resident Evil HD REMASTER,PC,Digital,Not Played,Own,,,
671,Resident Evil 0 HD REMASTER,PC,Digital,Not Played,Own,,,
672,Resident Evil 6,PC,Digital,Not Played,Own,,,
673,Dead Rising 2,PC,Digital,Not Played,Own,,,
674,Dead Rising 3 - Apocalypse Edition,PC,Digital,Not Played,Own,,,
675,Tiny Troopers Joint Ops,PS4/PS3/PS Vita,Digital,Not Played,Own,,,
676,Titan Attacks!,PS4/PS3/PS Vita,Digital,Not Played,Own,,,
677,Titan Souls,PS4/PS3/PS Vita,Digital,Not Played,Own,,,
678,Tower of Guns,PS4/PS3,Digital,Not Played,Own,,,
679,Snakeball,PS3,Digital,Not Played,Own,,,
680,Level 22,PS Vita,Digital,Not Played,Own,,,
681,TowerFall Ascension,PS4,Digital,Not Played,Own,,,
682,Transformers Devastation,PS4,Digital,Not Played,Own,,,
683,Transistor,PS4,Digital,Not Played,Own,,,
684,Tricky Towers,PS4,Digital,Not Played,Own,,,
685,Truck Racer,PS3,Digital,Not Played,Own,,,
686,Handball 16,PS3,Digital,Not Played,Own,,,
687,Trine 2: Complete Story,PS4,Digital,Not Played,Own,,,
688,Tropico 5,PS4,Digital,Not Played,Own,,,
689,Type:Rider,PS4/PS Vita,Digital,Not Played,Own,,,
690,Ultratron,PS4/PS3/PS Vita,Digital,Not Played,Own,,,
691,Monster Jam Battlegrounds,PS3,Digital,Not Played,Own,,,
692,Hustle Kings,PS3,Digital,Not Played,Own,,,
693,Sid Meiers Civilization Revolution 2 Plus,PS3/PS Vita,Digital,Not Played,Own,,,
694,The Bureau: XCOM Declassified,PS3,Digital,Not Played,Own,,,
695,XCOM: Enemy Unknown Plus,PS3/PS Vita,Digital,Not Played,Own,,,
696,Mafia II,PS3,Digital,Not Played,Own,,,
697,XCOM: Enemy Within,PS3,Digital,Not Played,Own,,,
698,Bioshock,PS3,Digital,Not Played,Own,,,
699,Unmechanical: Extended,PS4/PS3,Digital,Not Played,Own,,,
700,UNTIL DAWN,PS4,Digital,Beaten,Own,,,
701,Sid Meier's Civilization III: Complete,PC,Steam,Not Played,Own,,,
702,Broken Sword 5,PS Vita,Digital,Not Played,Own,,,
703,Until Dawn: Rush of Blood,PS4,Digital,Not Played,Own,,,
704,R-Type Dimensions,PS3,Digital,Not Played,Own,,,
705,Valiant Hearts: The Great War,PS4,Digital,Not Played,Own,,,
706,Warframe,PS4,Digital,Not Played,Own,,,
707,WE ARE DOOMED,PS4,Digital,Not Played,Own,,,
708,Worms Battlegrounds,PS4,Digital,Not Played,Own,,,
709,Xeodrifter,PS4/PS3/PS Vita,Digital,Not Played,Own,,,
710,ZOMBI,PS4,Digital,Not Played,Own,,,
711,Syberia Collection,PS3,Digital,Not Played,Own,,,
712,XBlaze Lost: Memories,PS3,Digital,Not Played,Own,,,
713,Wanted Corp.,PS Vita,Digital,Not Played,Own,,,
714,Oxenfree,PC,GOG,Not Played,Own,,,
715,Deadlight: Director's Cut,PC,GOG,Not Played,Own,,,
716,Neverwinter Nights Diamond,PC,GOG,Not Played,Own,,,
717,Torchlight,PC,GOG,Not Played,Own,,,
718,Fallout Classic,PC,GOG,Not Played,Own,,,
719,Fallout 2 Classic,PC,GOG,Not Played,Own,,,
720,Fallout Tactics Classic,PC,GOG,Not Played,Own,,,
721,Beneath a Steel Sky,PC,GOG,Not Played,Own,,,
722,Tyrian 2000,PC,GOG,Not Played,Own,,,
723,Dragonsphere,PC,GOG,Not Played,Own,,,
724,Ultima 4: Quest of the Avatar,PC,GOG,Not Played,Own,,,
725,Treasure Adventure Game,PC,GOG,Not Played,Own,,,
726,Worlds of Ultima: The Savage Empire,PC,GOG,Not Played,Own,,,
727,Warsow,PC,GOG,Not Played,Own,,,
728,Onimusha 3: Demon Siege,PS2,ISO,Not Played,Own,,,
729,Phantasy Start Portable 2,PSP,ISO,Not Played,Own,,,
730,Castlevania The Dracula X Chronicles,PSP,ISO,Not Played,Own,,,
731,Dead to Rights,PSP,ISO,Not Played,Own,,,
732,Final Fantasy IV,PSP,ISO,Not Played,Own,,,
733,Final Fantasy Crisis Core,PSP,ISO,Not Played,Own,,,
734,Final Fantasy Dissidia,PSP,ISO,Not Played,Own,,,
735,Final Fantasy Dissidia 2,PSP,ISO,Not Played,Own,,,
736,Final Fantasy Tactics The War of the Lion,PSP,ISO,Not Played,Own,,,
737,GTA Chinatown Wars,PSP,ISO,Not Played,Own,,,
738,Hot Shots Golf Open Tee 2,PSP,ISO,Not Played,Own,,,
739,Killzone Liberation,PSP,ISO,Not Played,Own,,,
740,Kingdom Hearts Birth by Sleep,PSP,ISO,Not Played,Own,,,
741,Parasite Eve The 3rd Birthday,PSP,ISO,Not Played,Own,,,
742,Silent Hill Origins,PSP,ISO,Not Played,Own,,,
743,Star Ocean First Departure,PSP,ISO,Not Played,Own,,,
744,Star Ocean Second Evolution,PSP,ISO,Not Played,Own,,,
745,Syphon Filter Dark Mirror,PSP,ISO,Not Played,Own,,,
746,Tactics Ogre,PSP,ISO,Not Played,Own,,,
747,Tenchu 4 Shadow Assassins,PSP,ISO,Not Played,Own,,,
748,Valkyria Chronicles 2,PSP,ISO,Not Played,Own,,,
749,Syphon Filter Logans Shadow,PSP,ISO,Not Played,Own,,,
750,Parasite Eve 2,PS1,ISO,Not Played,Own,,,
751,Xenogears,PS1,ISO,Not Played,Own,,,
752,"9 Hours, 9 Persons, 9 Doors",DS,ISO,Not Played,Own,,,
753,Chrono Trigger,DS,ISO,Not Played,Own,,,
754,Final Fantasy IV,DS,ISO,Not Played,Own,,,
